userid,currDatetime,timeSeconds,fallAsleepTime,wakeUpTime,outOfBedTime,moveEvent,sleepQuality,timeToFallAsleep,beforeMidnight
013,30,1367429893,23,8,8,36,3,9,True
013,2,1367527008,1,10,10,29,4,26,False
013,2,1367609162,2,9,9,1,1,152,True
013,3,1367688046,22,9,9,13,3,9,True
013,5,1367776231,0,6,6,33,4,0,False
013,5,1367855880,20,9,9,11,5,0,True
013,6,1367951040,22,5,5,19,3,6,True
013,7,1368031721,21,8,8,50,4,0,True
013,9,1368131983,0,10,10,39,4,10,False
013,9,1368214719,23,9,9,40,5,0,True
013,10,1368291482,23,8,8,28,4,10,True
013,12,1368393627,1,9,9,62,5,0,False
013,12,1368463799,22,8,8,13,5,0,True
013,13,1368561538,23,11,11,12,5,0,True
013,14,1368643748,0,8,8,19,3,60,True
013,16,1368734288,0,8,8,30,5,0,False
013,16,1368820646,0,8,8,28,5,14,True
013,17,1368907080,1,11,11,14,3,120,True
013,18,1368990480,23,8,8,0,4,16,True
013,19,1369074480,22,9,9,0,4,14,True
013,20,1369165359,0,6,6,5,3,67,True
013,21,1369242248,23,8,8,18,4,14,True
013,22,1369329780,23,8,8,26,4,6,True
013,23,1369413720,23,8,8,27,4,0,True
013,24,1369505147,23,5,5,31,5,0,True
013,25,1369596600,23,9,9,29,5,0,True
013,26,1369676265,22,6,6,14,4,0,True
013,27,1369768560,2,8,8,5,3,162,True
015,12,1368390485,0,7,7,18,3,15,False
015,12,1368471495,0,5,6,17,5,60,True
015,13,1368556443,23,7,7,3,5,56,True
015,15,1368648968,0,6,7,48,4,15,False
015,15,1368732587,0,6,7,8,3,60,True
015,16,1368819603,0,5,6,11,3,64,True
015,18,1368909483,1,5,7,21,5,20,False
015,19,1368995283,0,7,7,14,4,15,False
015,19,1369076283,23,5,6,8,4,12,True
015,20,1369164001,23,6,7,0,3,14,True
015,21,1369244641,22,6,6,12,5,14,True
015,22,1369330921,22,6,7,6,5,47,True
015,23,1369418281,22,7,7,16,5,30,True
015,24,1369510080,23,8,8,0,5,15,True
015,25,1369592883,23,7,7,7,4,64,True
015,26,1369677481,0,7,7,0,4,120,True
015,28,1369774682,1,7,8,12,4,13,False
015,29,1369855713,0,5,7,20,3,25,False
015,29,1369940281,23,6,7,5,3,36,True
015,31,1370032563,0,5,5,10,4,13,False
015,31,1370113082,2,7,7,0,4,180,True
015,2,1370210280,2,5,7,29,5,19,False
015,2,1370285883,0,5,7,16,4,76,True
015,3,1370372281,23,5,7,0,4,55,True
015,4,1370458682,0,4,6,14,3,60,True
015,5,1370545803,0,3,6,33,3,68,True
015,6,1370631480,23,6,6,0,4,35,True
015,7,1370717882,23,6,6,3,4,32,True
015,8,1370804281,23,6,7,18,5,30,True
016,7,1367964360,2,8,8,13,3,12,False
016,7,1367986094,8,9,10,41,4,0,False
016,7,1368042721,0,8,8,34,3,7,True
016,8,1368126926,23,7,8,38,3,13,True
016,10,1368218521,1,8,8,21,2,17,False
016,10,1368300240,23,7,8,11,3,13,True
016,11,1368387840,0,7,8,0,2,30,True
016,13,1368482280,2,7,7,49,3,20,False
016,14,1368568080,2,8,8,42,3,17,False
016,15,1368650400,1,9,9,20,3,9,False
016,16,1368736080,0,9,10,26,2,20,False
016,17,1368825001,1,8,8,13,3,24,False
016,18,1368891272,2,8,9,12,3,11,False
016,19,1368995477,0,9,10,36,3,8,False
016,20,1369085640,1,9,10,39,3,4,False
016,21,1369155000,1,9,9,19,3,16,False
016,22,1369258983,2,9,10,23,3,22,False
016,23,1369338362,2,9,9,24,2,14,False
016,24,1369424640,1,8,9,64,3,8,False
016,25,1369519080,2,10,10,28,3,10,False
016,26,1369605480,2,10,11,37,3,3,False
016,27,1369687921,1,8,9,21,2,10,False
016,28,1369775161,1,9,9,48,3,8,False
016,29,1369864135,2,9,10,22,3,16,False
016,30,1369949375,1,8,9,40,4,20,False
016,31,1370032081,0,6,8,34,2,27,False
016,1,1370109840,1,10,10,20,3,8,False
016,2,1370198880,1,9,10,13,3,10,False
016,3,1370290081,0,9,9,64,3,23,False
016,4,1370377682,1,9,10,24,3,51,False
017,30,1367434700,23,6,6,7,3,21,True
017,1,1367518680,22,6,6,7,4,25,True
017,2,1367607628,23,6,6,18,4,13,True
017,4,1367698934,0,8,9,9,4,12,False
017,4,1367760315,22,7,8,17,3,2,True
017,5,1367864246,22,6,6,7,4,22,True
017,6,1367953800,23,7,7,18,4,29,True
017,7,1368036616,22,7,8,27,3,8,True
017,8,1368123121,22,6,6,11,4,37,True
017,9,1368213609,23,6,6,13,4,24,True
017,11,1368314345,3,9,10,7,4,0,False
017,11,1368387276,23,10,10,30,4,9,True
017,12,1368468360,22,6,6,15,4,37,True
017,13,1368557882,23,6,6,13,4,31,True
017,14,1368642867,22,6,6,18,4,19,True
017,15,1368730464,23,6,6,19,4,24,True
017,16,1368812876,22,5,5,47,2,60,True
017,18,1368909976,1,8,8,47,5,13,False
017,19,1368997695,1,10,10,4,2,0,False
017,19,1369077120,23,6,6,13,3,16,True
017,20,1369160526,22,6,6,18,4,10,True
017,21,1369248869,23,6,6,3,4,5,True
017,22,1369337401,23,6,6,13,3,5,True
017,23,1369420687,22,7,7,4,4,5,True
017,25,1369518001,1,10,10,2,4,5,False
017,26,1369605495,2,10,10,33,4,5,False
017,27,1369685075,0,10,10,27,3,30,False
017,27,1369760291,23,5,6,22,3,120,True
017,28,1369852081,23,6,6,18,4,30,True
017,29,1369922198,23,6,6,15,4,15,True
021,29,1367348339,23,5,6,11,3,15,True
021,30,1367432880,22,5,5,17,3,10,True
021,2,1367526419,0,5,5,16,3,22,False
021,2,1367602800,21,5,5,6,2,0,True
021,3,1367675040,0,6,6,2,4,47,True
021,4,1367779800,22,6,6,3,5,4,True
021,6,1367875800,1,6,6,13,3,3,False
021,6,1367949588,22,6,6,11,4,30,True
021,7,1368035302,22,5,5,7,4,30,True
021,8,1368122055,22,5,5,8,5,30,True
021,9,1368208800,22,6,6,5,3,9,True
021,11,1368302400,0,8,8,1,4,14,False
021,12,1368388321,0,9,9,4,3,10,False
021,12,1368471480,23,5,5,9,4,5,True
021,14,1368563315,1,5,5,16,3,30,False
021,14,1368645122,23,5,5,6,4,7,True
021,15,1368731644,23,5,5,7,4,15,True
021,16,1368815880,22,5,5,20,4,9,True
021,17,1368903480,23,5,5,0,5,40,True
021,18,1368991680,23,6,6,11,4,15,True
021,19,1369078080,23,5,5,23,4,5,True
021,20,1369155532,21,5,5,10,3,5,True
021,21,1369247758,22,5,5,12,3,8,True
021,22,1369330080,21,5,5,7,2,15,True
021,23,1369418280,22,5,5,16,4,10,True
021,24,1369504726,22,7,7,0,5,15,True
021,25,1369597080,0,6,6,4,4,20,True
021,26,1369681080,23,7,7,0,2,19,True
021,27,1369767480,0,5,5,8,4,80,True
021,28,1369845360,23,5,5,7,3,15,True
022,3,1369845360,22,7,7,0,4,15,True
022,4,1367783681,1,8,8,41,2,80,True
022,5,1367865291,22,5,7,62,4,10,True
022,6,1367951918,22,6,6,29,4,10,True
022,7,1368042624,0,6,7,21,4,14,True
022,8,1368125668,23,6,6,53,4,15,True
022,9,1368212382,23,5,5,71,4,15,True
022,10,1368300173,23,8,9,23,4,0,True
022,12,1368388737,0,7,7,20,4,15,False
022,12,1368468411,23,4,4,55,4,53,True
022,13,1368555338,22,5,5,35,4,13,True
022,15,1368721909,21,5,5,15,4,28,True
022,16,1368810480,21,6,6,51,3,21,True
022,17,1368901560,22,8,8,34,4,13,True
022,18,1368992280,0,7,7,26,4,20,True
022,19,1369078446,23,6,6,36,4,10,True
022,20,1369164585,23,5,6,52,4,10,True
022,21,1369246397,22,6,6,59,4,15,True
022,22,1369335533,23,6,6,29,4,25,True
022,23,1369421641,23,7,7,20,4,15,True
022,24,1369508280,23,8,8,22,4,10,True
022,25,1369596873,23,9,9,19,4,10,True
022,26,1369680391,22,5,5,74,4,7,True
022,28,1369771089,0,4,4,43,1,15,False
022,28,1369850769,22,6,6,55,4,8,True
022,29,1369935450,22,5,5,61,4,15,True
022,30,1370026052,23,7,7,36,4,11,True
022,31,1370095052,23,7,7,24,4,50,True
023,2,1367606528,1,5,5,27,2,171,True
023,4,1367698704,0,7,7,43,3,11,False
023,5,1367789824,1,7,7,36,2,5,False
023,5,1367863249,22,5,5,17,3,42,True
023,6,1367955120,23,5,5,22,3,7,True
023,7,1368041640,23,5,5,27,4,9,True
023,8,1368127680,23,5,5,38,4,17,True
023,10,1368218281,0,5,5,30,2,0,False
023,10,1368296067,23,8,8,38,4,3,True
023,13,1368485649,3,6,6,27,3,4,False
023,13,1368558840,23,5,5,21,3,9,True
023,14,1368645840,23,5,5,23,4,7,True
023,15,1368729240,22,5,5,35,4,11,True
023,16,1368818880,23,5,5,42,3,15,True
023,18,1368907973,0,6,6,18,3,17,False
023,18,1368988500,0,9,9,15,2,21,True
023,19,1369077873,23,6,6,23,4,5,True
023,20,1369162200,22,5,5,17,4,5,True
023,22,1369256280,1,5,5,27,2,8,False
023,22,1369331280,22,5,5,20,4,10,True
023,23,1369418343,22,5,5,27,4,22,True
023,24,1369511143,0,7,7,54,3,59,True
023,25,1369593848,23,8,8,35,4,60,True
023,26,1369680018,22,7,7,52,4,10,True
023,27,1369766521,22,5,5,21,4,11,True
023,28,1369854960,23,5,5,22,4,16,True
023,29,1369940040,23,5,5,44,3,10,True
023,30,1370008591,22,5,5,11,4,18,True
026,3,1370367600,22,4,5,28,4,34,True
026,4,1370451240,21,2,4,10,3,39,True
026,5,1370535480,20,5,5,27,4,10,True
026,6,1370626320,21,5,5,47,5,18,True
026,7,1370713081,22,5,5,48,3,21,True
026,8,1370797320,21,5,5,25,5,27,True
026,9,1370882640,21,5,5,26,3,16,True
026,10,1370969881,21,6,6,24,5,24,True
026,11,1371056541,22,5,5,39,3,60,True
026,12,1371144000,21,6,6,33,4,25,True
026,13,1371231840,21,5,5,27,2,10,True
026,15,1371328321,0,5,5,73,5,12,False
026,15,1371400717,20,6,6,15,5,0,True
026,16,1371489960,21,5,5,32,4,11,True
026,17,1371574920,21,5,5,20,5,11,True
026,19,1371679080,2,5,5,16,4,0,False
026,19,1371747480,21,5,5,31,5,15,True
026,20,1371837360,22,5,5,50,5,19,True
026,21,1371922680,21,6,7,18,4,20,True
026,22,1372009622,22,6,6,26,3,27,True
026,24,1372180680,21,4,4,37,4,26,True
026,25,1372269840,22,6,6,42,5,5,True
026,26,1372354320,21,5,5,23,4,12,True
026,27,1372448280,23,6,6,60,5,5,True
026,28,1372528740,22,6,8,38,4,44,True
026,29,1372610400,20,7,7,29,4,5,True
026,30,1372696800,21,6,6,18,4,60,True
026,1,1372773363,21,6,6,21,4,43,True
027,4,1367701086,1,8,8,9,4,6,False
027,5,1367789345,1,7,7,4,4,0,False
027,5,1367855886,20,10,10,3,4,5,True
027,6,1367949654,23,9,9,7,5,0,True
027,8,1368048272,1,9,9,6,5,15,False
027,9,1368129606,0,3,3,29,4,6,False
027,9,1368212437,23,7,7,53,4,0,True
027,11,1368300397,1,8,8,13,4,0,False
027,12,1368389197,0,8,8,71,5,4,False
027,12,1368472202,23,8,8,36,5,5,True
027,13,1368558887,23,7,7,10,5,15,True
027,14,1368644639,23,6,6,20,5,0,True
027,16,1368734280,0,7,7,22,5,22,False
027,17,1368822941,0,7,7,11,5,2,False
027,17,1368902237,22,7,7,48,5,0,True
027,19,1368997081,1,8,8,13,5,27,False
027,19,1369078510,23,8,8,14,5,0,True
027,20,1369152170,23,5,5,33,5,0,True
027,21,1369251781,23,8,8,4,5,0,True
027,23,1369339320,0,9,9,2,5,0,False
027,23,1369397178,23,7,7,1,5,0,True
027,25,1369512334,0,9,9,1,5,0,False
027,26,1369598811,0,7,7,7,5,0,False
027,26,1369682905,23,7,7,14,5,0,True
027,29,1369861560,1,7,7,52,5,0,False
027,30,1369975100,8,15,15,21,5,0,False
027,31,1370008580,0,7,7,0,5,8,False
029,2,1367595101,22,5,5,0,4,5,True
029,3,1367662021,23,6,6,0,3,7,True
029,4,1367752894,22,6,6,0,4,10,True
029,5,1367752894,19,5,5,0,3,17,True
029,6,1367922583,22,5,5,13,4,14,True
029,7,1368004510,22,5,5,0,3,5,True
029,8,1368109080,20,9,9,16,3,9,True
029,9,1368177802,20,5,5,0,3,19,True
029,10,1368274830,22,6,6,0,4,5,True
029,11,1368377880,23,7,7,15,4,60,True
029,12,1368450941,22,5,5,38,4,65,True
029,13,1368557521,22,5,5,45,4,3,True
029,14,1368640680,22,7,7,37,3,5,True
029,15,1368727080,22,5,5,41,4,5,True
029,16,1368817080,23,5,5,63,3,6,True
029,17,1368889201,19,6,6,80,4,6,True
029,18,1368982792,21,6,6,29,3,5,True
029,19,1369069080,21,5,5,60,4,5,True
029,20,1369159089,22,5,5,48,4,10,True
029,21,1369238280,20,5,5,57,3,6,True
029,22,1369335480,23,5,5,55,4,5,True
029,23,1369421880,23,5,5,61,4,8,True
029,24,1369504441,22,6,6,77,4,9,True
029,25,1369583894,20,6,6,18,4,6,True
029,26,1369681146,23,6,6,138,4,4,True
029,27,1369764214,22,5,5,35,3,10,True
029,29,1369922198,23,5,5,9,3,5,True
030,3,1369922198,0,8,8,0,5,0,False
030,4,1367697481,1,9,9,18,5,60,False
030,5,1367787480,1,10,10,4,5,5,False
030,6,1367873880,1,9,9,23,5,5,False
030,7,1367961240,1,6,6,41,5,0,False
030,8,1368041520,0,8,8,33,5,0,False
030,9,1368205080,21,9,9,2,5,0,True
030,10,1368300480,23,9,9,6,5,0,True
030,12,1368392280,1,9,9,8,5,0,False
030,13,1368475920,1,9,9,6,5,0,False
030,13,1368557986,23,7,7,28,5,0,True
030,14,1368629040,23,8,8,5,5,0,True
030,16,1368737885,1,9,9,3,5,0,False
030,16,1368797405,23,7,7,2,5,0,True
030,18,1368912561,1,9,9,1,5,0,False
030,19,1368997080,1,9,9,4,5,0,False
030,20,1369094280,4,9,9,12,5,0,False
030,21,1369166280,0,9,9,12,5,0,False
030,22,1369256280,1,10,10,3,3,0,False
030,22,1369331880,23,8,8,21,3,60,True
030,23,1369423680,23,8,8,8,5,0,True
030,25,1369515480,1,10,10,0,3,0,False
030,25,1369594680,23,8,8,0,3,0,True
030,26,1369681080,23,9,9,14,4,0,True
030,27,1369767480,23,6,6,0,5,0,True
030,28,1369850344,22,8,8,30,5,0,True
030,29,1369938480,22,9,9,2,5,0,True
030,31,1370033880,1,10,10,39,5,0,False
030,1,1370116680,0,9,9,7,4,0,False
034,2,1367602920,21,7,7,19,4,9,True
034,3,1367693646,22,9,9,19,4,0,True
034,5,1367784681,0,9,9,44,4,0,False
034,6,1367871481,0,8,8,42,4,0,False
034,7,1367958120,0,9,9,86,4,0,False
034,8,1368044880,0,10,10,32,4,0,False
034,9,1368131280,0,7,7,18,4,0,False
034,9,1368215280,23,7,7,16,4,5,True
034,11,1368306581,1,9,9,22,4,4,False
034,11,1368387120,23,9,10,18,4,7,True
034,13,1368478671,1,6,7,59,4,17,False
034,13,1368560717,0,6,7,62,4,17,True
034,15,1368652713,1,6,7,70,4,11,False
034,16,1368735480,0,6,7,21,4,6,False
034,16,1368818140,23,6,7,53,4,16,True
034,18,1368914948,3,9,9,38,5,49,False
034,19,1369006725,3,9,9,52,5,2,False
034,20,1369093423,4,6,7,97,4,15,False
034,21,1369171511,1,6,7,62,4,19,False
034,22,1369263480,3,6,7,87,4,31,False
034,23,1369343520,1,7,7,25,5,16,False
034,24,1369429321,1,6,7,20,5,18,False
034,25,1369526842,4,9,9,53,5,6,False
034,26,1369601615,2,9,9,44,5,96,False
034,27,1369684690,0,10,10,26,5,16,False
034,28,1369772946,0,8,9,60,5,24,False
034,28,1369851754,22,6,7,29,4,7,True
034,30,1369922179,1,6,7,11,5,14,False
037,4,1367782389,23,8,8,0,4,8,True
037,5,1367864520,23,8,8,18,3,5,True
037,6,1367952600,23,6,6,72,4,8,True
037,7,1368036600,22,8,9,42,4,6,True
037,8,1368128521,23,8,9,22,4,11,True
037,9,1368212521,23,8,8,24,3,11,True
037,10,1368297602,22,8,8,6,4,14,True
037,11,1368388411,1,7,8,0,4,75,True
037,13,1368478655,2,9,10,41,2,67,False
037,13,1368557521,23,8,8,41,3,6,True
037,15,1368651840,1,8,8,20,4,10,False
037,16,1368738480,1,8,8,43,4,6,False
037,17,1368821761,0,7,7,106,3,8,False
037,18,1368915600,2,8,8,37,3,9,False
037,19,1368983366,1,9,10,57,4,10,False
037,19,1369076281,23,8,8,13,4,11,True
037,20,1369154521,1,7,7,49,3,256,True
037,22,1369247280,1,9,9,14,4,16,False
037,22,1369336441,23,7,7,50,3,5,True
037,23,1369420081,22,5,5,104,3,5,True
037,24,1369509240,23,9,9,9,4,5,True
037,26,1369602721,1,8,8,70,4,4,False
037,28,1369772761,0,7,7,20,4,8,False
037,28,1369856640,0,7,7,74,3,14,True
037,29,1369939259,22,7,7,21,4,9,True
037,30,1370022960,23,6,8,22,3,11,True
037,1,1370120332,1,9,10,2,2,15,False
039,3,1367616840,2,9,9,28,3,60,False
039,4,1367702280,1,7,7,58,3,6,False
039,5,1367792760,2,10,10,5,5,7,False
039,5,1367827083,15,16,17,31,3,180,False
039,6,1367873640,0,9,9,37,5,0,False
039,6,1367955840,23,7,7,30,5,2,True
039,8,1368046987,1,7,7,47,4,0,False
039,8,1368122880,23,7,7,30,3,60,True
039,10,1368220441,1,9,9,42,3,3,False
039,10,1368299286,23,7,7,66,5,6,True
039,12,1368391680,0,8,8,3,5,0,False
039,12,1368470640,22,9,9,6,3,2,True
039,13,1368554280,22,8,8,70,3,5,True
039,15,1368653280,1,10,10,59,5,0,False
039,16,1368735262,1,7,7,5,3,60,False
039,16,1368814441,23,9,9,55,4,60,True
039,18,1368914280,2,5,5,34,3,4,False
039,19,1368997080,1,7,7,8,5,0,False
039,20,1369083582,1,7,9,53,3,12,False
039,20,1369161364,23,6,6,38,4,3,True
039,22,1369253760,0,7,7,42,4,0,False
039,22,1369336930,23,7,7,17,5,4,True
039,24,1369426780,0,8,8,48,4,5,False
039,25,1369511739,0,8,8,58,3,0,False
039,26,1369601880,1,9,9,41,5,0,False
039,26,1369684433,23,8,8,32,4,0,True
039,28,1369775760,1,7,7,38,5,0,False
039,28,1369852201,22,7,7,21,5,15,True
039,29,1369938263,22,7,7,31,5,0,True
039,30,1370026694,0,6,6,41,5,60,True
041,16,1368736940,0,9,9,55,3,0,False
041,16,1368820284,23,9,9,43,3,0,True
041,18,1368907705,0,10,10,41,3,0,False
041,19,1368998615,1,9,9,24,4,0,False
041,20,1369082280,0,8,8,53,3,0,False
041,21,1369167928,0,10,10,32,3,0,False
041,22,1369252680,0,10,10,23,3,0,False
041,23,1369339080,0,10,10,31,3,0,False
041,23,1369424955,23,7,7,52,2,0,True
041,25,1369511880,0,8,8,33,3,0,False
041,26,1369598280,0,8,8,0,3,0,False
041,28,1369771148,0,5,5,69,3,0,False
041,29,1369857574,0,7,7,63,3,0,False
041,30,1370030061,23,9,9,42,3,0,True
041,1,1370116680,0,9,9,50,3,0,False
041,2,1370203120,0,11,11,0,3,0,False
041,3,1370289480,0,10,10,25,3,0,False
041,4,1370375917,0,8,8,39,3,0,False
041,5,1370462280,0,10,10,55,3,0,False
041,7,1370635081,0,10,10,31,3,0,False
041,8,1370721599,0,9,9,29,3,0,False
041,10,1370894307,0,9,15,0,3,5,False
041,11,1370980681,0,9,9,42,3,5,False
041,12,1371067680,0,10,10,29,3,0,False
053,11,1371052921,20,6,6,12,3,0,True
053,12,1371149161,23,6,6,30,3,19,True
053,13,1371222121,20,6,6,32,2,48,True
053,15,1371334053,3,7,7,6,1,70,False
053,17,1371505922,2,6,6,23,1,20,False
053,15,1371411126,2,8,9,5,1,188,True
053,17,1371585120,23,6,6,26,4,3,True
053,19,1371669241,0,6,6,9,4,2,False
053,20,1371759602,1,6,6,41,2,42,False
053,20,1371842880,23,6,6,38,4,23,True
053,22,1371931320,0,7,7,16,4,0,False
053,23,1372021533,1,6,6,37,4,0,False
053,24,1372107240,0,6,6,12,2,0,False
053,25,1372190924,0,6,6,25,2,22,False
053,26,1372278601,0,6,6,46,2,0,False
053,26,1372359841,23,6,6,31,2,0,True
053,28,1372451521,0,7,7,26,2,15,False
053,28,1372535227,23,8,8,64,4,0,True
053,29,1372614001,23,9,9,13,3,0,True
053,1,1372711800,0,7,7,26,3,0,False
053,1,1372773600,23,7,7,28,3,347,True
053,3,1372882627,0,6,6,11,2,0,False
053,3,1372953720,20,7,7,1,2,0,True
053,5,1373063760,3,8,8,13,3,30,False
053,6,1373147520,1,7,7,12,3,0,False
053,7,1373232220,1,9,9,32,3,0,False
053,7,1373309161,22,6,6,15,3,0,True
053,8,1373398681,23,7,7,68,3,0,True
053,10,1373464657,0,7,7,3,3,0,False
065,10,1370978040,23,6,6,38,4,10,True
065,11,1371043798,17,18,18,73,3,5,False
065,11,1371063600,23,6,6,84,4,9,True
065,12,1371152760,0,6,6,52,4,12,True
065,13,1371237960,23,6,6,55,4,2,True
065,15,1371336295,3,9,9,58,4,15,False
065,16,1371431881,5,9,9,79,4,10,False
065,16,1371473881,17,19,19,48,3,10,False
065,16,1371499080,0,6,6,39,4,1,True
065,17,1371584756,0,6,6,41,4,72,True
065,18,1371670680,0,6,6,53,4,21,True
065,19,1371753329,22,6,6,41,4,8,True
065,21,1371848280,1,7,7,19,4,0,False
065,21,1371913080,19,20,20,46,2,3,True
065,21,1371929880,23,5,5,45,4,0,True
065,22,1372016641,0,7,7,16,4,15,True
065,24,1372106160,0,6,6,43,4,7,False
065,25,1372190640,0,6,6,45,4,0,False
065,25,1372273920,23,6,6,37,5,17,True
065,26,1372358160,23,6,6,76,5,23,True
065,27,1372447320,23,6,6,67,4,12,True
065,29,1372536609,0,7,7,62,5,9,False
065,30,1372632120,2,7,7,22,4,0,False
065,30,1372707347,0,6,6,60,3,24,True
065,1,1372790880,23,6,6,11,4,11,True
065,2,1372879800,23,6,6,75,4,16,True
065,4,1372974121,1,8,8,38,4,2,False
065,4,1373052720,23,6,6,41,4,11,True
065,6,1373150640,3,6,6,39,3,24,False
065,7,1373228880,0,8,8,40,4,5,False
065,7,1373311200,23,6,6,52,4,24,True
065,8,1373378251,0,6,6,14,5,11,True
067,4,1370380477,1,12,12,21,4,0,False
067,4,1370381317,1,7,7,21,5,5,False
067,4,1370460241,23,7,7,19,5,6,True
067,5,1370548193,23,7,7,7,5,4,True
067,6,1370634180,23,7,7,21,5,5,True
067,8,1370708192,1,7,7,52,4,6,False
067,9,1370808120,0,7,7,21,5,6,False
067,9,1370889481,22,7,7,22,5,15,True
067,11,1370986921,1,7,7,15,5,6,False
067,12,1371069909,0,7,7,33,5,5,False
067,12,1371148740,22,7,7,23,4,7,True
067,14,1371215702,1,7,7,6,5,5,False
067,15,1371338333,3,10,10,85,5,3,False
067,16,1371420621,2,8,8,42,5,4,False
067,17,1371506463,2,7,7,26,5,3,False
067,17,1371583903,23,7,7,21,5,4,True
067,19,1371675984,1,7,7,24,5,3,False
067,20,1371758162,0,7,7,43,3,5,False
067,20,1371842779,23,7,7,15,4,4,True
067,22,1371944594,3,9,9,39,5,3,False
067,22,1372008660,22,8,8,18,4,3,True
067,23,1372008660,23,8,8,0,5,4,True
067,25,1372198735,2,7,7,32,5,11,False
067,25,1372272901,23,7,7,29,5,10,True
067,26,1372357739,22,7,7,2,5,4,True
067,28,1372454777,1,7,7,39,5,5,False
067,29,1372543244,2,7,7,36,5,6,False
067,30,1372625458,0,6,6,6,4,5,False
067,1,1372717321,2,8,8,11,4,5,False
077,5,1370543640,22,6,6,72,3,0,True
077,6,1370627640,21,7,7,45,5,0,True
077,8,1370725920,1,8,8,161,5,0,False
077,9,1370805000,0,5,5,56,5,0,False
077,9,1370887994,22,7,7,87,5,0,True
077,10,1370974929,22,7,7,53,4,0,True
077,11,1371061061,22,7,7,44,5,0,True
077,12,1371146189,21,5,5,64,5,0,True
077,13,1371237851,23,7,7,89,5,0,True
077,14,1371319680,22,6,6,84,5,0,True
077,15,1371407905,23,8,8,66,4,60,True
077,17,1371578485,22,7,7,54,4,0,True
077,18,1371663847,21,6,6,57,4,0,True
077,20,1371758280,0,8,8,49,4,0,False
077,20,1371838790,22,7,7,58,4,0,True
077,21,1371921485,22,7,7,51,4,60,True
077,22,1372017049,23,7,7,34,4,0,True
077,24,1372113191,2,7,7,53,4,0,False
077,24,1372183080,21,5,5,34,4,0,True
077,25,1372262281,22,8,8,47,4,179,True
077,26,1372357320,22,5,5,59,4,0,True
077,27,1372444681,22,6,6,56,5,0,True
077,29,1372535981,0,6,6,72,4,0,False
077,29,1372618068,22,7,7,35,4,0,True
077,30,1372703280,22,7,7,75,4,0,True
077,1,1372773451,22,7,7,38,4,0,True
091,7,1370715780,2,10,10,6,1,266,True
091,8,1370786714,23,3,3,9,2,13,True
091,9,1370888820,0,5,5,5,1,90,True
091,11,1370981520,3,12,12,29,4,167,False
091,12,1371069120,2,9,9,14,3,117,False
091,12,1371144480,5,8,8,44,3,450,True
091,14,1371248280,4,13,13,3,4,100,False
091,15,1371344778,5,11,11,2,2,0,False
091,15,1371411720,23,12,12,2,5,14,True
091,16,1371498372,5,12,12,2,2,360,True
091,18,1371592716,5,9,9,5,1,180,False
091,19,1371674099,4,11,11,15,2,93,False
091,20,1371768480,3,4,4,18,1,9,False
091,20,1371837567,22,2,2,7,1,0,True
091,22,1371947168,5,10,10,34,1,60,False
091,22,1372014862,23,9,9,6,4,0,True
091,24,1372116260,4,11,11,14,2,60,False
091,25,1372201090,3,10,10,17,4,0,False
091,26,1372283886,4,9,9,88,1,60,False
091,26,1372359480,23,9,9,2,2,0,True
091,28,1372460882,7,9,9,1,1,240,False
091,29,1372546082,3,12,12,1,5,60,False
091,30,1372637102,7,12,12,1,3,180,False
091,1,1372725747,4,8,8,25,1,7,False
091,2,1372801680,5,9,9,4,1,191,False
091,3,1372891080,2,10,10,16,1,0,False
091,3,1372966320,4,9,9,15,3,300,True
091,5,1373059480,4,9,9,17,1,184,False
091,6,1373155187,5,10,10,4,3,59,False
094,18,1371666120,23,6,6,0,3,38,True
094,19,1371751560,22,6,6,23,3,16,True
094,20,1371838560,22,6,6,12,3,16,True
094,22,1371931923,0,8,8,28,4,15,False
094,22,1372013040,22,8,8,11,3,5,True
094,23,1372100640,23,6,6,8,4,8,True
094,24,1372181280,21,6,6,26,2,25,True
094,25,1372271161,22,6,6,13,4,6,True
094,26,1372356840,22,6,6,13,2,23,True
094,27,1372444800,22,6,6,40,4,8,True
094,28,1372531800,22,8,8,37,3,0,True
094,29,1372617840,22,8,8,6,3,4,True
094,30,1372702320,22,5,5,13,2,22,True
094,1,1372789321,23,5,5,31,3,47,True
094,2,1372877280,22,5,5,26,4,3,True
094,3,1372963832,22,8,8,24,3,6,True
094,4,1373049120,22,6,6,28,2,14,True
094,5,1373135881,22,8,8,34,3,0,True
094,7,1373233080,1,9,9,11,4,0,False
094,7,1373310120,23,5,6,6,2,51,True
094,8,1373393280,22,6,6,14,4,10,True
094,9,1373475960,21,5,5,22,1,11,True
094,10,1373566321,23,5,6,13,2,63,True
094,11,1373652360,22,6,6,11,4,9,True
094,12,1373739841,22,7,7,35,4,15,True
094,14,1373786041,0,8,8,43,1,28,False
094,14,1373906815,20,5,5,15,4,10,True
094,15,1373996040,21,6,6,22,3,8,True
094,16,1374080213,22,5,5,23,3,16,True
099,18,1371664804,22,7,7,23,3,3,True
099,19,1371758241,0,9,9,26,3,2,True
099,21,1371847691,0,9,9,18,4,5,False
099,22,1371947496,5,8,8,54,2,29,False
099,23,1372028461,3,11,11,13,3,6,False
099,24,1372116967,3,9,9,62,2,1,False
099,25,1372201174,3,7,7,43,2,6,False
099,26,1372278764,0,6,6,59,2,11,False
099,27,1372363613,0,11,11,3,4,10,False
099,28,1372454778,1,9,9,61,4,3,False
099,1,1372710180,0,7,7,39,3,8,False
099,2,1372773466,0,7,7,13,3,3,False
099,3,1372967899,0,9,9,27,3,4,True
099,5,1373059445,2,10,10,56,1,60,False
099,6,1373151545,3,10,10,75,3,7,False
099,6,1373226603,23,11,11,23,4,7,True
099,7,1373313176,0,7,7,34,4,9,True
099,8,1373398606,23,7,7,30,4,9,True
099,10,1373488612,0,7,7,49,2,4,False
099,11,1373574167,0,7,7,24,1,13,False
099,12,1373660079,0,7,7,34,2,6,False
099,13,1373760513,4,11,12,42,3,3,False
099,14,1373846920,4,8,9,100,1,9,False
099,14,1373913420,22,7,7,32,3,6,True
099,15,1374002408,23,7,7,28,3,13,True
099,16,1374069410,23,7,7,5,3,4,True
099,29,1372549921,4,9,9,113,1,8,False
099,29,1372617539,22,10,10,11,4,9,True
103,18,1371587161,1,8,8,16,4,8,False
103,18,1371670717,23,7,7,16,4,16,True
103,20,1371762609,1,10,10,18,4,4,False
103,21,1371851160,1,9,9,24,4,0,False
103,21,1371928111,23,7,7,34,3,31,True
103,23,1372018561,0,8,8,25,4,8,False
103,23,1372103122,23,7,7,15,4,0,True
103,25,1372192200,0,7,7,15,4,11,False
103,25,1372274880,23,7,7,12,2,16,True
103,26,1372329360,14,17,17,13,4,6,False
103,27,1372365546,0,7,8,9,4,7,False
103,28,1372453801,1,8,8,16,4,7,False
103,29,1372538410,0,8,8,19,5,11,False
103,30,1372625640,1,8,8,14,3,4,False
103,1,1372710000,0,7,7,8,2,9,False
103,1,1372792680,23,7,7,15,3,30,True
103,2,1372879225,23,7,7,32,4,24,True
103,4,1372976040,2,8,8,105,3,5,False
103,5,1373054281,0,8,8,25,3,15,False
103,6,1373146440,1,10,10,10,4,5,False
103,6,1373190240,13,14,14,16,3,0,False
103,6,1373226257,0,8,8,15,4,35,True
103,7,1373310470,23,7,7,13,3,9,True
103,9,1373400200,0,7,7,28,3,14,False
103,9,1373484960,0,7,7,20,2,22,True
103,10,1373559720,20,22,22,11,3,6,True
103,10,1373570981,0,8,8,9,2,52,True
103,12,1373659418,0,7,8,12,4,21,False
103,12,1373743866,23,8,8,30,4,19,True
103,14,1373822280,0,7,7,8,4,8,False
103,14,1373916001,23,7,7,14,4,18,True
103,15,1373983032,23,6,6,10,5,44,True
106,18,1371669733,23,6,6,75,4,4,True
106,20,1371762200,1,6,6,96,3,4,False
106,21,1371847800,0,6,6,63,3,5,False
106,21,1371929090,0,7,7,23,4,61,True
106,23,1372028594,3,7,7,53,3,2,False
106,23,1372102238,23,6,6,46,5,0,True
106,25,1372205209,4,7,7,43,4,0,False
106,25,1372275220,1,7,7,52,4,120,True
106,26,1372360685,23,5,5,53,4,0,True
106,28,1372452240,0,7,7,54,5,0,False
106,29,1372541525,1,8,8,27,5,6,False
106,30,1372629490,2,7,7,29,4,0,False
106,1,1372710606,1,7,7,57,4,6,False
106,2,1372802885,2,7,7,64,3,6,False
106,3,1372878601,1,8,8,77,5,60,False
106,4,1372975320,2,8,8,30,5,3,False
106,5,1373061360,2,8,8,55,4,57,False
106,6,1373144280,1,7,7,27,5,3,False
106,7,1373230458,0,8,8,39,5,2,False
106,8,1373323321,2,8,8,38,4,2,False
106,8,1373396520,23,8,8,76,5,6,True
106,10,1373500751,4,8,8,76,3,4,False
106,11,1373580525,2,7,7,60,4,5,False
106,12,1373669290,3,7,7,94,3,0,False
106,13,1373757121,3,6,6,92,4,2,False
106,14,1373846369,4,11,11,49,5,5,False
106,15,1373936281,5,9,9,80,4,0,False
106,16,1374005401,0,9,9,45,5,4,False
106,17,1374069406,1,8,8,30,4,4,False
114,19,1371674401,1,8,8,26,5,19,False
114,20,1371762272,1,9,9,10,4,4,False
114,21,1371845161,0,8,8,35,2,0,False
114,22,1371934891,1,8,8,22,4,0,False
114,23,1372006726,2,10,10,11,2,9,False
114,24,1372114921,3,9,9,13,3,0,False
114,25,1372197480,2,10,10,16,3,10,False
114,26,1372278511,0,9,9,48,4,0,False
114,26,1372353841,22,8,8,5,3,0,True
114,28,1372453920,1,8,8,47,2,0,False
114,29,1372538280,0,8,9,33,4,8,False
114,30,1372626361,1,9,9,2,4,20,False
114,1,1372711440,0,8,8,23,4,14,False
114,2,1372798440,1,8,8,38,4,5,False
114,3,1372893361,3,9,9,32,3,0,False
114,4,1372968841,0,6,6,50,2,0,False
114,5,1373059560,1,9,9,51,3,31,False
114,5,1373139961,0,8,8,43,4,27,True
114,7,1373233680,2,8,8,6,4,10,False
114,8,1373310961,0,8,8,32,3,16,False
114,9,1373401920,0,8,8,23,4,0,False
114,10,1373488680,0,8,8,25,3,0,False
114,11,1373576372,1,7,7,15,3,0,False
114,11,1373658361,0,8,8,1,4,22,True
114,13,1373755724,2,9,9,36,3,0,False
114,14,1373839337,2,9,9,9,3,0,False
114,15,1373918881,0,9,9,18,4,11,False
114,16,1374012001,2,9,9,41,4,0,False
114,17,1374069360,0,8,8,2,3,0,False
116,12,1373663640,1,7,7,50,3,0,False
116,13,1373748240,0,7,7,31,5,1,False
116,13,1373794080,13,15,15,33,3,0,False
116,14,1373834887,1,7,7,37,3,21,False
116,15,1373921977,1,7,8,65,4,0,False
116,15,1374002880,0,6,7,75,3,60,True
116,17,1374096480,2,7,7,47,3,30,False
116,18,1374182760,1,7,7,87,2,12,False
116,19,1374271080,2,7,7,80,2,5,False
116,19,1374346680,23,8,8,68,4,10,True
116,21,1374439213,1,7,7,49,3,29,False
116,22,1374523190,0,7,7,17,4,15,False
116,23,1374611353,1,6,6,44,3,30,False
116,24,1374699480,1,7,7,75,3,0,False
116,25,1374782280,0,6,7,74,2,10,False
116,25,1374867165,0,7,8,32,3,60,True
116,26,1374953295,0,7,7,71,2,60,True
116,28,1375046640,1,7,8,59,3,0,False
116,28,1375126080,23,7,7,40,4,10,True
116,30,1375215000,0,6,6,58,3,21,False
116,31,1375303200,0,6,7,57,3,3,False
116,1,1375391802,1,6,7,54,2,6,False
116,2,1375478640,1,7,7,51,3,2,False
116,2,1375555320,23,7,8,15,3,28,True
116,4,1375651440,1,8,8,28,2,0,False
116,5,1375738200,1,8,8,49,2,2,False
116,5,1375816680,23,7,7,41,4,3,True
116,7,1375908219,1,8,8,49,3,18,False
116,8,1375996827,1,8,8,63,3,2,False
116,9,1376078280,0,7,7,51,2,0,False
116,9,1376161800,23,8,8,75,3,6,True
116,11,1376256512,1,7,7,23,2,6,False
116,11,1376315826,0,7,7,9,3,101,True
117,11,1373654882,22,6,7,14,3,5,True
117,12,1373707109,13,16,16,13,3,3,False
117,12,1373744850,0,7,7,4,3,11,True
117,14,1373835001,1,7,7,12,4,18,False
117,15,1373920304,0,8,8,2,4,4,False
117,15,1374002551,23,7,7,30,2,14,True
117,16,1374089521,23,7,7,4,2,6,True
117,17,1374176310,23,7,7,31,3,4,True
117,18,1374261720,23,7,7,19,3,3,True
117,19,1374347640,23,8,8,21,2,10,True
117,21,1374438960,0,8,8,23,4,7,False
117,22,1374523081,0,8,8,5,2,10,False
117,22,1374607347,0,7,7,10,3,57,True
117,24,1374698280,0,8,8,22,4,5,False
117,24,1374780763,23,7,7,4,3,21,True
117,25,1374865089,0,8,8,1,3,60,True
117,26,1374951481,23,7,7,19,4,11,True
117,27,1375037881,23,8,8,20,4,4,True
117,28,1375125481,23,8,8,2,4,5,True
117,29,1375210681,23,7,7,7,4,49,True
117,30,1375297123,23,7,8,1,4,15,True
117,31,1375386360,0,7,7,34,3,13,True
117,2,1375477561,1,8,8,3,3,33,False
117,2,1375557600,23,7,7,1,3,2,True
117,4,1375651320,1,8,8,27,4,7,False
117,4,1375728957,23,8,8,1,4,14,True
117,5,1375816680,23,8,8,23,3,11,True
117,7,1375906321,0,8,8,11,3,44,False
117,8,1375995841,1,8,8,27,2,0,False
117,8,1376077200,23,6,6,12,3,12,True
117,9,1376163481,23,8,8,64,2,5,True
117,10,1376250371,0,9,9,2,2,36,True
117,11,1376315770,23,8,8,4,2,60,True
